-- phpMyAdmin SQL Dump
-- version 4.7.1
-- https://www.phpmyadmin.net/
--
-- Host: 127.0.0.1
-- Generation Time: Dec 25, 2017 at 10:08 AM
-- Server version: 5.7.11
-- PHP Version: 5.6.19

SET SQL_MODE = "NO_AUTO_VALUE_ON_ZERO";
SET AUTOCOMMIT = 0;
START TRANSACTION;
SET time_zone = "+00:00";


/*!40101 SET @OLD_CHARACTER_SET_CLIENT=@@CHARACTER_SET_CLIENT */;
/*!40101 SET @OLD_CHARACTER_SET_RESULTS=@@CHARACTER_SET_RESULTS */;
/*!40101 SET @OLD_COLLATION_CONNECTION=@@COLLATION_CONNECTION */;
/*!40101 SET NAMES utf8mb4 */;

--
-- Database: `ttms`
--

-- --------------------------------------------------------

--
-- Table structure for table `admin`
--

CREATE TABLE `admin` (
  `name` varchar(30) NOT NULL,
  `password` varchar(10) NOT NULL
) ENGINE=MyISAM DEFAULT CHARSET=latin1;

--
-- Dumping data for table `admin`
--

INSERT INTO `admin` (`name`, `password`) VALUES
('admin', 'pass123');

-- --------------------------------------------------------

--
-- Table structure for table `classrooms`
--

CREATE TABLE `classrooms` (
  `name` varchar(30) NOT NULL,
  `status` int(1) NOT NULL
) ENGINE=MyISAM DEFAULT CHARSET=latin1;

--
-- Dumping data for table `classrooms`
--

INSERT INTO `classrooms` (`name`, `status`) VALUES
('P204', 2),
('P206', 2),
('N505', 5),
('N512', 5),
('P404', 4);


-- --------------------------------------------------------

--
-- Table structure for table `semester1`
--

CREATE TABLE `semester1` (
  `day` varchar(10) NOT NULL,
  `period1` varchar(30) NOT NULL,
  `period2` varchar(30) NOT NULL,
  `period3` varchar(30) NOT NULL,
  `period4` varchar(30) NOT NULL,
  `period5` varchar(30) NOT NULL,
  `period6` varchar(30) NOT NULL
) ENGINE=MyISAM DEFAULT CHARSET=latin1;

--
-- Dumping data for table `semester1`
--

INSERT INTO `semester1` (`day`, `period1`, `period2`, `period3`, `period4`, `period5`, `period6`) VALUES
('sunday', 'CO310<br>FA', 'EL340<br>MS', 'CO308<br>IZ', '-<br>-', '-<br>-', '-<br>-, -, -'),
('monday', 'ME340<br>FT', 'CO309<br>AMK', 'CO308<br>IZ', 'CO310<br>FA', '-<br>-', 'CO394<br>RA, MRW, AMA'),
('tuesday', 'EL340<br>MS', 'CO310<br>FA', 'ME340<br>FT', '-<br>-', '-<br>-', 'CO393<br>AMA, FA, RA'),
('wednesday', 'CO309<br>AMK', 'CO308<br>IZ', 'ME340<br>FT', '-<br>-', '-<br>-', '-<br>-, -, -'),
('thursday', 'EL340<br>MS', 'CO310<br>FA', 'CO309<br>AMK', '-<br>-', '-<br>-', 'CO393<br>AMA, FA, RA');

-- --------------------------------------------------------

--
-- Table structure for table `semester2`
--

CREATE TABLE `semester2` (
  `day` varchar(10) NOT NULL,
  `period1` varchar(30) NOT NULL,
  `period2` varchar(30) NOT NULL,
  `period3` varchar(30) NOT NULL,
  `period4` varchar(30) NOT NULL,
  `period5` varchar(30) NOT NULL,
  `period6` varchar(30) NOT NULL
) ENGINE=MyISAM DEFAULT CHARSET=latin1;

--
-- Dumping data for table `semester2`
--

INSERT INTO `semester2` (`day`, `period1`, `period2`, `period3`, `period4`, `period5`, `period6`) VALUES
('sunday', 'CO310<br>FA', 'EL340<br>MS', 'CO308<br>IZ', '-<br>-', '-<br>-', '-<br>-, -, -'),
('monday', 'ME340<br>FT', 'CO309<br>AMK', 'CO308<br>IZ', 'CO310<br>FA', '-<br>-', 'CO394<br>RA, MRW, AMA'),
('tuesday', 'EL340<br>MS', 'CO310<br>FA', 'ME340<br>FT', '-<br>-', '-<br>-', 'CO393<br>AMA, FA, RA'),
('wednesday', 'CO309<br>AMK', 'CO308<br>IZ', 'ME340<br>FT', '-<br>-', '-<br>-', '-<br>-, -, -'),
('thursday', 'EL340<br>MS', 'CO310<br>FA', 'CO309<br>AMK', '-<br>-', '-<br>-', 'CO393<br>AMA, FA, RA');
--
--
-- --------------------------------------------------------

--
-- Table structure for table `semester3`
--

CREATE TABLE `semester3` (
  `day` varchar(10) NOT NULL,
  `period1` varchar(30) NOT NULL,
  `period2` varchar(30) NOT NULL,
  `period3` varchar(30) NOT NULL,
  `period4` varchar(30) NOT NULL,
  `period5` varchar(30) NOT NULL,
  `period6` varchar(30) NOT NULL
) ENGINE=MyISAM DEFAULT CHARSET=latin1;

--
-- Dumping data for table `semester3`
--

INSERT INTO `semester3` (`day`, `period1`, `period2`, `period3`, `period4`, `period5`, `period6`) VALUES
('sunday', 'CO310<br>FA', 'EL340<br>MS', 'CO308<br>IZ', '-<br>-', '-<br>-', '-<br>-, -, -'),
('monday', 'ME340<br>FT', 'CO309<br>AMK', 'CO308<br>IZ', 'CO310<br>FA', '-<br>-', 'CO394<br>RA, MRW, AMA'),
('tuesday', 'EL340<br>MS', 'CO310<br>FA', 'ME340<br>FT', '-<br>-', '-<br>-', 'CO393<br>AMA, FA, RA'),
('wednesday', 'CO309<br>AMK', 'CO308<br>IZ', 'ME340<br>FT', '-<br>-', '-<br>-', '-<br>-, -, -'),
('thursday', 'EL340<br>MS', 'CO310<br>FA', 'CO309<br>AMK', '-<br>-', '-<br>-', 'CO393<br>AMA, FA, RA');


--
--
-- --------------------------------------------------------

--
-- Table structure for table `semester4`
--

CREATE TABLE `semester4` (
  `day` varchar(10) NOT NULL,
  `period1` varchar(30) NOT NULL,
  `period2` varchar(30) NOT NULL,
  `period3` varchar(30) NOT NULL,
  `period4` varchar(30) NOT NULL,
  `period5` varchar(30) NOT NULL,
  `period6` varchar(30) NOT NULL
) ENGINE=MyISAM DEFAULT CHARSET=latin1;

--
-- Dumping data for table `semester4`
--

INSERT INTO `semester4` (`day`, `period1`, `period2`, `period3`, `period4`, `period5`, `period6`) VALUES
('sunday', 'CO310<br>FA', 'EL340<br>MS', 'CO308<br>IZ', '-<br>-', '-<br>-', '-<br>-, -, -'),
('monday', 'ME340<br>FT', 'CO309<br>AMK', 'CO308<br>IZ', 'CO310<br>FA', '-<br>-', 'CO394<br>RA, MRW, AMA'),
('tuesday', 'EL340<br>MS', 'CO310<br>FA', 'ME340<br>FT', '-<br>-', '-<br>-', 'CO393<br>AMA, FA, RA'),
('wednesday', 'CO309<br>AMK', 'CO308<br>IZ', 'ME340<br>FT', '-<br>-', '-<br>-', '-<br>-, -, -'),
('thursday', 'EL340<br>MS', 'CO310<br>FA', 'CO309<br>AMK', '-<br>-', '-<br>-', 'CO393<br>AMA, FA, RA');



-- --------------------------------------------------------
--

--
-- Table structure for table `semester5`
--

CREATE TABLE `semester5` (
  `day` varchar(10) NOT NULL,
  `period1` varchar(30) NOT NULL,
  `period2` varchar(30) NOT NULL,
  `period3` varchar(30) NOT NULL,
  `period4` varchar(30) NOT NULL,
  `period5` varchar(30) NOT NULL,
  `period6` varchar(30) NOT NULL
) ENGINE=MyISAM DEFAULT CHARSET=latin1;

--
-- Dumping data for table `semester5`
--

INSERT INTO `semester5` (`day`, `period1`, `period2`, `period3`, `period4`, `period5`, `period6`) VALUES
('sunday', 'CO310<br>FA', 'EL340<br>MS', 'CO308<br>IZ', '-<br>-', '-<br>-', '-<br>-, -, -'),
('monday', 'ME340<br>FT', 'CO309<br>AMK', 'CO308<br>IZ', 'CO310<br>FA', '-<br>-', 'CO394<br>RA, MRW, AMA'),
('tuesday', 'EL340<br>MS', 'CO310<br>FA', 'ME340<br>FT', '-<br>-', '-<br>-', 'CO393<br>AMA, FA, RA'),
('wednesday', 'CO309<br>AMK', 'CO308<br>IZ', 'ME340<br>FT', '-<br>-', '-<br>-', '-<br>-, -, -'),
('thursday', 'EL340<br>MS', 'CO310<br>FA', 'CO309<br>AMK', '-<br>-', '-<br>-', 'CO393<br>AMA, FA, RA');



-- --------------------------------------------------------
--

--


--
-- Table structure for table `semester6`
--

CREATE TABLE `semester6` (
  `day` varchar(10) NOT NULL,
  `period1` varchar(30) NOT NULL,
  `period2` varchar(30) NOT NULL,
  `period3` varchar(30) NOT NULL,
  `period4` varchar(30) NOT NULL,
  `period5` varchar(30) NOT NULL,
  `period6` varchar(30) NOT NULL
) ENGINE=MyISAM DEFAULT CHARSET=latin1;

--
-- Dumping data for table `semester6`
--

INSERT INTO `semester6` (`day`, `period1`, `period2`, `period3`, `period4`, `period5`, `period6`) VALUES
('sunday', 'CO310<br>FA', 'EL340<br>MS', 'CO308<br>IZ', '-<br>-', '-<br>-', '-<br>-, -, -'),
('monday', 'ME340<br>FT', 'CO309<br>AMK', 'CO308<br>IZ', 'CO310<br>FA', '-<br>-', 'CO394<br>RA, MRW, AMA'),
('tuesday', 'EL340<br>MS', 'CO310<br>FA', 'ME340<br>FT', '-<br>-', '-<br>-', 'CO393<br>AMA, FA, RA'),
('wednesday', 'CO309<br>AMK', 'CO308<br>IZ', 'ME340<br>FT', '-<br>-', '-<br>-', '-<br>-, -, -'),
('thursday', 'EL340<br>MS', 'CO310<br>FA', 'CO309<br>AMK', '-<br>-', '-<br>-', 'CO393<br>AMA, FA, RA');



-- --------------------------------------------------------
--

-- --------------------------------------------------------
-- Table structure for table `semester7`
--

CREATE TABLE `semester7` (
  `day` varchar(10) NOT NULL,
  `period1` varchar(30) NOT NULL,
  `period2` varchar(30) NOT NULL,
  `period3` varchar(30) NOT NULL,
  `period4` varchar(30) NOT NULL,
  `period5` varchar(30) NOT NULL,
  `period6` varchar(30) NOT NULL
) ENGINE=MyISAM DEFAULT CHARSET=latin1;

--
-- Dumping data for table `semester7`
--

INSERT INTO `semester7` (`day`, `period1`, `period2`, `period3`, `period4`, `period5`, `period6`) VALUES
('sunday', 'CO310<br>FA', 'EL340<br>MS', 'CO308<br>IZ', '-<br>-', '-<br>-', '-<br>-, -, -'),
('monday', 'ME340<br>FT', 'CO309<br>AMK', 'CO308<br>IZ', 'CO310<br>FA', '-<br>-', 'CO394<br>RA, MRW, AMA'),
('tuesday', 'EL340<br>MS', 'CO310<br>FA', 'ME340<br>FT', '-<br>-', '-<br>-', 'CO393<br>AMA, FA, RA'),
('wednesday', 'CO309<br>AMK', 'CO308<br>IZ', 'ME340<br>FT', '-<br>-', '-<br>-', '-<br>-, -, -'),
('thursday', 'EL340<br>MS', 'CO310<br>FA', 'CO309<br>AMK', '-<br>-', '-<br>-', 'CO393<br>AMA, FA, RA');
-- --------------------------------------------------------

--
-- Table structure for table `semester8`
--

CREATE TABLE `semester8` (
  `day` varchar(10) NOT NULL,
  `period1` varchar(30) NOT NULL,
  `period2` varchar(30) NOT NULL,
  `period3` varchar(30) NOT NULL,
  `period4` varchar(30) NOT NULL,
  `period5` varchar(30) NOT NULL,
  `period6` varchar(30) NOT NULL
) ENGINE=MyISAM DEFAULT CHARSET=latin1;

--
-- Dumping data for table `semester8`
--

INSERT INTO `semester8` (`day`, `period1`, `period2`, `period3`, `period4`, `period5`, `period6`) VALUES
('sunday', 'CO310<br>FA', 'EL340<br>MS', 'CO308<br>IZ', '-<br>-', '-<br>-', '-<br>-, -, -'),
('monday', 'ME340<br>FT', 'CO309<br>AMK', 'CO308<br>IZ', 'CO310<br>FA', '-<br>-', 'CO394<br>RA, MRW, AMA'),
('tuesday', 'EL340<br>MS', 'CO310<br>FA', 'ME340<br>FT', '-<br>-', '-<br>-', 'CO393<br>AMA, FA, RA'),
('wednesday', 'CO309<br>AMK', 'CO308<br>IZ', 'ME340<br>FT', '-<br>-', '-<br>-', '-<br>-, -, -'),
('thursday', 'EL340<br>MS', 'CO310<br>FA', 'CO309<br>AMK', '-<br>-', '-<br>-', 'CO393<br>AMA, FA, RA');



-- --------------------------------------------------------
--

--
-- Table structure for table `subjects`
--

CREATE TABLE `subjects` (
  `subject_code` varchar(10) NOT NULL,
  `subject_name` varchar(50) NOT NULL,
  `course_type` varchar(15) NOT NULL,
  `semester` int(1) NOT NULL,
  `department` varchar(50) NOT NULL,
  `isAlloted` int(1) NOT NULL,
  `allotedto` text NOT NULL,
  `allotedto2` text NOT NULL,
  `allotedto3` text NOT NULL
) ENGINE=MyISAM DEFAULT CHARSET=latin1;

--
-- Dumping data for table `subjects`
--

INSERT INTO `subjects` (`subject_code`, `subject_name`, `course_type`, `semester`, `department`, `isAlloted`, `allotedto`, `allotedto2`, `allotedto3`) VALUES
('CSE-3101', 'Numerical Analysis', 'THEORY', 5, 'Computer Engg. Dept.', 5, 'T006', '', ''),
('CSE-3102', 'Numerical Analysis Sessional', 'LAB', 5, 'Computer Engg. Dept.', 5, 'T006', 'T010', ''),
('CSE-3103', 'Software Engineering & Information Design System', 'THEORY', 5, 'Computer Engg. Dept.', 1, 'T010', 'T018', ''),
('CSE-3104', 'Software Engineering & Information Design System Sessional', 'LAB', 5, 'Computer Engg. Dept.', 1, 'T008', 'T010', ''),
('CSE-3105', 'Data & Telecommunication', 'THEORY', 5, 'Computer Engg. Dept.', 5, 'T017', 'T015', ''),
('CSE-3106', 'Data & Telecommunication Sessoinal', 'LAB', 5, 'Computer Engg. Dept.', 5, 'T002', 'T013', ''),
('CSE-3107', ' Operating System', 'THEORY', 5, 'Computer Engg. Dept.', 5, 'T008', 'T003', ''),
('CSE-3108', 'Operating System Sessional', 'LAB', 5, 'Computer Engg. Dept.', 5, 'T008', 'T003', ''),
('CSE-3110', 'Web Programming Sessoinal', 'LAB', 5, 'Computer Engg. Dept.', 5, 'T013', 'T010', ''),
('HUM-3157', 'Professional Ethics and Environmental Protection', 'THEORY', 5, 'Sociology', 1, 'T006', '', ''),
('CSE-3200', 'Integrated Design Project (Phase-I)', 'LAB', 6, 'Computer Engg. Dept.', 6, 'T002', '', ''),
('CSE-3211', 'Computer Network', 'THEORY', 6, 'Computer Engg. Dept.', 6, 'T014', '', ''),
('CSE-3212', 'Computer Network Sessional', 'LAB', 6, 'Computer Engg. Dept.', 6, 'T016', '', ''),
('CSE-3213', 'Computer Architechture', 'THEORY', 6, 'Computer Engg. Dept.', 6, 'T003', '', ''),
('CSE-3215', 'Digital Image Processing', 'THEORY', 6, 'Computer Engg. Dept.', 6, 'T011', '', ''),
('CSE-3216', 'Digital Image Processing Sessional', 'LAB', 6, 'Computer Engg. Dept..', 6, 'T014', '', ''),
('CSE-3222', 'Programming with Assembly Language Sessional', 'LAB', 6, 'Computer Engg. Dept.', 6, 'T008', '', ''),
('HUM-3259', 'Engineering Economics and Sociology', 'THEORY', 6, 'Sociology', 6, 'T013', '', ''),
('HUM-3261', 'Financial and Managerial Accounting', 'THEORY', 6, 'Sociology', 6, 'T015', '', ''),
('CSE-3224', 'Industrial Training', 'THEORY', 6, 'Computer Engg. Dept.', 6, 'T010', '', ''),
('CSE-4103', 'Computer Design', 'THEORY', 6, 'Computer Engg. Dept.', 7, 'T009', '', ''),
('CSE-2105', 'Object Oriented Programming', 'THEORY', 3, 'Computer Engg. Dept.', 2, 'T006', '', '');

-- --------------------------------------------------------

--
-- Table structure for table `t001`
--

CREATE TABLE `t001` (
  `day` varchar(10) NOT NULL,
  `period1` varchar(30) DEFAULT NULL,
  `period2` varchar(30) DEFAULT NULL,
  `period3` varchar(30) DEFAULT NULL,
  `period4` varchar(30) DEFAULT NULL,
  `period5` varchar(30) DEFAULT NULL,
  `period6` varchar(30) DEFAULT NULL
) ENGINE=MyISAM DEFAULT CHARSET=latin1;

--
-- Dumping data for table `t001`
--

INSERT INTO `t001` (`day`, `period1`, `period2`, `period3`, `period4`, `period5`, `period6`) VALUES
('sunday', 'CO310<br>FA', 'EL340<br>MS', 'CO308<br>IZ', '-<br>-', '-<br>-', '-<br>-, -, -'),
('monday', 'ME340<br>FT', 'CO309<br>AMK', 'CO308<br>IZ', 'CO310<br>FA', '-<br>-', 'CO394<br>RA, MRW, AMA'),
('tuesday', 'EL340<br>MS', 'CO310<br>FA', 'ME340<br>FT', '-<br>-', '-<br>-', 'CO393<br>AMA, FA, RA'),
('wednesday', 'CO309<br>AMK', 'CO308<br>IZ', 'ME340<br>FT', '-<br>-', '-<br>-', '-<br>-, -, -'),
('thursday', 'EL340<br>MS', 'CO310<br>FA', 'CO309<br>AMK', '-<br>-', '-<br>-', 'CO393<br>AMA, FA, RA');

-- --------------------------------------------------------

--
-- Table structure for table `t002`
--

CREATE TABLE `t002` (
  `day` varchar(10) NOT NULL,
  `period1` varchar(30) DEFAULT NULL,
  `period2` varchar(30) DEFAULT NULL,
  `period3` varchar(30) DEFAULT NULL,
  `period4` varchar(30) DEFAULT NULL,
  `period5` varchar(30) DEFAULT NULL,
  `period6` varchar(30) DEFAULT NULL
) ENGINE=MyISAM DEFAULT CHARSET=latin1;

--
-- Dumping data for table `t002`
--

INSERT INTO `t002` (`day`, `period1`, `period2`, `period3`, `period4`, `period5`, `period6`) VALUES
('sunday', 'CO310<br>FA', 'EL340<br>MS', 'CO308<br>IZ', '-<br>-', '-<br>-', '-<br>-, -, -'),
('monday', 'ME340<br>FT', 'CO309<br>AMK', 'CO308<br>IZ', 'CO310<br>FA', '-<br>-', 'CO394<br>RA, MRW, AMA'),
('tuesday', 'EL340<br>MS', 'CO310<br>FA', 'ME340<br>FT', '-<br>-', '-<br>-', 'CO393<br>AMA, FA, RA'),
('wednesday', 'CO309<br>AMK', 'CO308<br>IZ', 'ME340<br>FT', '-<br>-', '-<br>-', '-<br>-, -, -'),
('thursday', 'EL340<br>MS', 'CO310<br>FA', 'CO309<br>AMK', '-<br>-', '-<br>-', 'CO393<br>AMA, FA, RA');

-- --------------------------------------------------------

--
-- Table structure for table `t003`
--

CREATE TABLE `t003` (
  `day` varchar(10) NOT NULL,
  `period1` varchar(30) DEFAULT NULL,
  `period2` varchar(30) DEFAULT NULL,
  `period3` varchar(30) DEFAULT NULL,
  `period4` varchar(30) DEFAULT NULL,
  `period5` varchar(30) DEFAULT NULL,
  `period6` varchar(30) DEFAULT NULL
) ENGINE=MyISAM DEFAULT CHARSET=latin1;

--
-- Dumping data for table `t003`
--

INSERT INTO `t003` (`day`, `period1`, `period2`, `period3`, `period4`, `period5`, `period6`) VALUES
('sunday', 'CO310<br>FA', 'EL340<br>MS', 'CO308<br>IZ', '-<br>-', '-<br>-', '-<br>-, -, -'),
('monday', 'ME340<br>FT', 'CO309<br>AMK', 'CO308<br>IZ', 'CO310<br>FA', '-<br>-', 'CO394<br>RA, MRW, AMA'),
('tuesday', 'EL340<br>MS', 'CO310<br>FA', 'ME340<br>FT', '-<br>-', '-<br>-', 'CO393<br>AMA, FA, RA'),
('wednesday', 'CO309<br>AMK', 'CO308<br>IZ', 'ME340<br>FT', '-<br>-', '-<br>-', '-<br>-, -, -'),
('thursday', 'EL340<br>MS', 'CO310<br>FA', 'CO309<br>AMK', '-<br>-', '-<br>-', 'CO393<br>AMA, FA, RA');

-- --------------------------------------------------------

--
-- Table structure for table `t004`
--

CREATE TABLE `t004` (
  `day` varchar(10) NOT NULL,
  `period1` varchar(30) DEFAULT NULL,
  `period2` varchar(30) DEFAULT NULL,
  `period3` varchar(30) DEFAULT NULL,
  `period4` varchar(30) DEFAULT NULL,
  `period5` varchar(30) DEFAULT NULL,
  `period6` varchar(30) DEFAULT NULL
) ENGINE=MyISAM DEFAULT CHARSET=latin1;

--
-- Dumping data for table `t004`
--

INSERT INTO `t004` (`day`, `period1`, `period2`, `period3`, `period4`, `period5`, `period6`) VALUES
('sunday', 'CO310<br>FA', 'EL340<br>MS', 'CO308<br>IZ', '-<br>-', '-<br>-', '-<br>-, -, -'),
('monday', 'ME340<br>FT', 'CO309<br>AMK', 'CO308<br>IZ', 'CO310<br>FA', '-<br>-', 'CO394<br>RA, MRW, AMA'),
('tuesday', 'EL340<br>MS', 'CO310<br>FA', 'ME340<br>FT', '-<br>-', '-<br>-', 'CO393<br>AMA, FA, RA'),
('wednesday', 'CO309<br>AMK', 'CO308<br>IZ', 'ME340<br>FT', '-<br>-', '-<br>-', '-<br>-, -, -'),
('thursday', 'EL340<br>MS', 'CO310<br>FA', 'CO309<br>AMK', '-<br>-', '-<br>-', 'CO393<br>AMA, FA, RA');
-- --------------------------------------------------------

--
-- Table structure for table `t005`
--

CREATE TABLE `t005` (
  `day` varchar(10) NOT NULL,
  `period1` varchar(30) DEFAULT NULL,
  `period2` varchar(30) DEFAULT NULL,
  `period3` varchar(30) DEFAULT NULL,
  `period4` varchar(30) DEFAULT NULL,
  `period5` varchar(30) DEFAULT NULL,
  `period6` varchar(30) DEFAULT NULL
) ENGINE=MyISAM DEFAULT CHARSET=latin1;

--
-- Dumping data for table `t005`
--

INSERT INTO `t005` (`day`, `period1`, `period2`, `period3`, `period4`, `period5`, `period6`) VALUES
('sunday', 'CO310<br>FA', 'EL340<br>MS', 'CO308<br>IZ', '-<br>-', '-<br>-', '-<br>-, -, -'),
('monday', 'ME340<br>FT', 'CO309<br>AMK', 'CO308<br>IZ', 'CO310<br>FA', '-<br>-', 'CO394<br>RA, MRW, AMA'),
('tuesday', 'EL340<br>MS', 'CO310<br>FA', 'ME340<br>FT', '-<br>-', '-<br>-', 'CO393<br>AMA, FA, RA'),
('wednesday', 'CO309<br>AMK', 'CO308<br>IZ', 'ME340<br>FT', '-<br>-', '-<br>-', '-<br>-, -, -'),
('thursday', 'EL340<br>MS', 'CO310<br>FA', 'CO309<br>AMK', '-<br>-', '-<br>-', 'CO393<br>AMA, FA, RA');

-- --------------------------------------------------------

--
-- Table structure for table `t006`
--

CREATE TABLE `t006` (
  `day` varchar(10) NOT NULL,
  `period1` varchar(30) DEFAULT NULL,
  `period2` varchar(30) DEFAULT NULL,
  `period3` varchar(30) DEFAULT NULL,
  `period4` varchar(30) DEFAULT NULL,
  `period5` varchar(30) DEFAULT NULL,
  `period6` varchar(30) DEFAULT NULL
) ENGINE=MyISAM DEFAULT CHARSET=latin1;

--
-- Dumping data for table `t006`
--

INSERT INTO `t006` (`day`, `period1`, `period2`, `period3`, `period4`, `period5`, `period6`) VALUES
('sunday', 'CO310<br>FA', 'EL340<br>MS', 'CO308<br>IZ', '-<br>-', '-<br>-', '-<br>-, -, -'),
('monday', 'ME340<br>FT', 'CO309<br>AMK', 'CO308<br>IZ', 'CO310<br>FA', '-<br>-', 'CO394<br>RA, MRW, AMA'),
('tuesday', 'EL340<br>MS', 'CO310<br>FA', 'ME340<br>FT', '-<br>-', '-<br>-', 'CO393<br>AMA, FA, RA'),
('wednesday', 'CO309<br>AMK', 'CO308<br>IZ', 'ME340<br>FT', '-<br>-', '-<br>-', '-<br>-, -, -'),
('thursday', 'EL340<br>MS', 'CO310<br>FA', 'CO309<br>AMK', '-<br>-', '-<br>-', 'CO393<br>AMA, FA, RA');
-- --------------------------------------------------------

--
-- Table structure for table `t007`
--

CREATE TABLE `t007` (
  `day` varchar(10) NOT NULL,
  `period1` varchar(30) DEFAULT NULL,
  `period2` varchar(30) DEFAULT NULL,
  `period3` varchar(30) DEFAULT NULL,
  `period4` varchar(30) DEFAULT NULL,
  `period5` varchar(30) DEFAULT NULL,
  `period6` varchar(30) DEFAULT NULL
) ENGINE=MyISAM DEFAULT CHARSET=latin1;

--
-- Dumping data for table `t007`
--

INSERT INTO `t007` (`day`, `period1`, `period2`, `period3`, `period4`, `period5`, `period6`) VALUES
('sunday', 'CO310<br>FA', 'EL340<br>MS', 'CO308<br>IZ', '-<br>-', '-<br>-', '-<br>-, -, -'),
('monday', 'ME340<br>FT', 'CO309<br>AMK', 'CO308<br>IZ', 'CO310<br>FA', '-<br>-', 'CO394<br>RA, MRW, AMA'),
('tuesday', 'EL340<br>MS', 'CO310<br>FA', 'ME340<br>FT', '-<br>-', '-<br>-', 'CO393<br>AMA, FA, RA'),
('wednesday', 'CO309<br>AMK', 'CO308<br>IZ', 'ME340<br>FT', '-<br>-', '-<br>-', '-<br>-, -, -'),
('thursday', 'EL340<br>MS', 'CO310<br>FA', 'CO309<br>AMK', '-<br>-', '-<br>-', 'CO393<br>AMA, FA, RA');

-- --------------------------------------------------------

--
-- Table structure for table `t008`
--

CREATE TABLE `t008` (
  `day` varchar(10) NOT NULL,
  `period1` varchar(30) DEFAULT NULL,
  `period2` varchar(30) DEFAULT NULL,
  `period3` varchar(30) DEFAULT NULL,
  `period4` varchar(30) DEFAULT NULL,
  `period5` varchar(30) DEFAULT NULL,
  `period6` varchar(30) DEFAULT NULL
) ENGINE=MyISAM DEFAULT CHARSET=latin1;

--
-- Dumping data for table `t008`
--

INSERT INTO `t008` (`day`, `period1`, `period2`, `period3`, `period4`, `period5`, `period6`) VALUES
('sunday', 'CO310<br>FA', 'EL340<br>MS', 'CO308<br>IZ', '-<br>-', '-<br>-', '-<br>-, -, -'),
('monday', 'ME340<br>FT', 'CO309<br>AMK', 'CO308<br>IZ', 'CO310<br>FA', '-<br>-', 'CO394<br>RA, MRW, AMA'),
('tuesday', 'EL340<br>MS', 'CO310<br>FA', 'ME340<br>FT', '-<br>-', '-<br>-', 'CO393<br>AMA, FA, RA'),
('wednesday', 'CO309<br>AMK', 'CO308<br>IZ', 'ME340<br>FT', '-<br>-', '-<br>-', '-<br>-, -, -'),
('thursday', 'EL340<br>MS', 'CO310<br>FA', 'CO309<br>AMK', '-<br>-', '-<br>-', 'CO393<br>AMA, FA, RA');
-- --------------------------------------------------------

--
-- Table structure for table `t009`
--

CREATE TABLE `t009` (
  `day` varchar(10) NOT NULL,
  `period1` varchar(30) DEFAULT NULL,
  `period2` varchar(30) DEFAULT NULL,
  `period3` varchar(30) DEFAULT NULL,
  `period4` varchar(30) DEFAULT NULL,
  `period5` varchar(30) DEFAULT NULL,
  `period6` varchar(30) DEFAULT NULL
) ENGINE=MyISAM DEFAULT CHARSET=latin1;

--
-- Dumping data for table `t009`
--

INSERT INTO `t009` (`day`, `period1`, `period2`, `period3`, `period4`, `period5`, `period6`) VALUES
('sunday', 'CO310<br>FA', 'EL340<br>MS', 'CO308<br>IZ', '-<br>-', '-<br>-', '-<br>-, -, -'),
('monday', 'ME340<br>FT', 'CO309<br>AMK', 'CO308<br>IZ', 'CO310<br>FA', '-<br>-', 'CO394<br>RA, MRW, AMA'),
('tuesday', 'EL340<br>MS', 'CO310<br>FA', 'ME340<br>FT', '-<br>-', '-<br>-', 'CO393<br>AMA, FA, RA'),
('wednesday', 'CO309<br>AMK', 'CO308<br>IZ', 'ME340<br>FT', '-<br>-', '-<br>-', '-<br>-, -, -'),
('thursday', 'EL340<br>MS', 'CO310<br>FA', 'CO309<br>AMK', '-<br>-', '-<br>-', 'CO393<br>AMA, FA, RA');

-- --------------------------------------------------------

--
-- Table structure for table `t010`
--

CREATE TABLE `t010` (
  `day` varchar(10) NOT NULL,
  `period1` varchar(30) DEFAULT NULL,
  `period2` varchar(30) DEFAULT NULL,
  `period3` varchar(30) DEFAULT NULL,
  `period4` varchar(30) DEFAULT NULL,
  `period5` varchar(30) DEFAULT NULL,
  `period6` varchar(30) DEFAULT NULL
) ENGINE=MyISAM DEFAULT CHARSET=latin1;

--
-- Dumping data for table `t010`
--

INSERT INTO `t010` (`day`, `period1`, `period2`, `period3`, `period4`, `period5`, `period6`) VALUES
('sunday', 'CO310<br>FA', 'EL340<br>MS', 'CO308<br>IZ', '-<br>-', '-<br>-', '-<br>-, -, -'),
('monday', 'ME340<br>FT', 'CO309<br>AMK', 'CO308<br>IZ', 'CO310<br>FA', '-<br>-', 'CO394<br>RA, MRW, AMA'),
('tuesday', 'EL340<br>MS', 'CO310<br>FA', 'ME340<br>FT', '-<br>-', '-<br>-', 'CO393<br>AMA, FA, RA'),
('wednesday', 'CO309<br>AMK', 'CO308<br>IZ', 'ME340<br>FT', '-<br>-', '-<br>-', '-<br>-, -, -'),
('thursday', 'EL340<br>MS', 'CO310<br>FA', 'CO309<br>AMK', '-<br>-', '-<br>-', 'CO393<br>AMA, FA, RA');
-- --------------------------------------------------------

--
-- Table structure for table `t011`
--

CREATE TABLE `t011` (
  `day` varchar(10) NOT NULL,
  `period1` varchar(30) DEFAULT NULL,
  `period2` varchar(30) DEFAULT NULL,
  `period3` varchar(30) DEFAULT NULL,
  `period4` varchar(30) DEFAULT NULL,
  `period5` varchar(30) DEFAULT NULL,
  `period6` varchar(30) DEFAULT NULL
) ENGINE=MyISAM DEFAULT CHARSET=latin1;

--
-- Dumping data for table `t011`
--

INSERT INTO `t011` (`day`, `period1`, `period2`, `period3`, `period4`, `period5`, `period6`) VALUES
('sunday', 'CO310<br>FA', 'EL340<br>MS', 'CO308<br>IZ', '-<br>-', '-<br>-', '-<br>-, -, -'),
('monday', 'ME340<br>FT', 'CO309<br>AMK', 'CO308<br>IZ', 'CO310<br>FA', '-<br>-', 'CO394<br>RA, MRW, AMA'),
('tuesday', 'EL340<br>MS', 'CO310<br>FA', 'ME340<br>FT', '-<br>-', '-<br>-', 'CO393<br>AMA, FA, RA'),
('wednesday', 'CO309<br>AMK', 'CO308<br>IZ', 'ME340<br>FT', '-<br>-', '-<br>-', '-<br>-, -, -'),
('thursday', 'EL340<br>MS', 'CO310<br>FA', 'CO309<br>AMK', '-<br>-', '-<br>-', 'CO393<br>AMA, FA, RA');

-- --------------------------------------------------------

--
-- Table structure for table `t012`
--

CREATE TABLE `t012` (
  `day` varchar(10) NOT NULL,
  `period1` varchar(30) DEFAULT NULL,
  `period2` varchar(30) DEFAULT NULL,
  `period3` varchar(30) DEFAULT NULL,
  `period4` varchar(30) DEFAULT NULL,
  `period5` varchar(30) DEFAULT NULL,
  `period6` varchar(30) DEFAULT NULL
) ENGINE=MyISAM DEFAULT CHARSET=latin1;

--
-- Dumping data for table `t012`
--

INSERT INTO `t012` (`day`, `period1`, `period2`, `period3`, `period4`, `period5`, `period6`) VALUES
('sunday', 'CO310<br>FA', 'EL340<br>MS', 'CO308<br>IZ', '-<br>-', '-<br>-', '-<br>-, -, -'),
('monday', 'ME340<br>FT', 'CO309<br>AMK', 'CO308<br>IZ', 'CO310<br>FA', '-<br>-', 'CO394<br>RA, MRW, AMA'),
('tuesday', 'EL340<br>MS', 'CO310<br>FA', 'ME340<br>FT', '-<br>-', '-<br>-', 'CO393<br>AMA, FA, RA'),
('wednesday', 'CO309<br>AMK', 'CO308<br>IZ', 'ME340<br>FT', '-<br>-', '-<br>-', '-<br>-, -, -'),
('thursday', 'EL340<br>MS', 'CO310<br>FA', 'CO309<br>AMK', '-<br>-', '-<br>-', 'CO393<br>AMA, FA, RA');

-- --------------------------------------------------------

--
-- Table structure for table `t013`
--

CREATE TABLE `t013` (
  `day` varchar(10) NOT NULL,
  `period1` varchar(30) DEFAULT NULL,
  `period2` varchar(30) DEFAULT NULL,
  `period3` varchar(30) DEFAULT NULL,
  `period4` varchar(30) DEFAULT NULL,
  `period5` varchar(30) DEFAULT NULL,
  `period6` varchar(30) DEFAULT NULL
) ENGINE=MyISAM DEFAULT CHARSET=latin1;

--
-- Dumping data for table `t013`
--

INSERT INTO `t013` (`day`, `period1`, `period2`, `period3`, `period4`, `period5`, `period6`) VALUES
('sunday', 'CO310<br>FA', 'EL340<br>MS', 'CO308<br>IZ', '-<br>-', '-<br>-', '-<br>-, -, -'),
('monday', 'ME340<br>FT', 'CO309<br>AMK', 'CO308<br>IZ', 'CO310<br>FA', '-<br>-', 'CO394<br>RA, MRW, AMA'),
('tuesday', 'EL340<br>MS', 'CO310<br>FA', 'ME340<br>FT', '-<br>-', '-<br>-', 'CO393<br>AMA, FA, RA'),
('wednesday', 'CO309<br>AMK', 'CO308<br>IZ', 'ME340<br>FT', '-<br>-', '-<br>-', '-<br>-, -, -'),
('thursday', 'EL340<br>MS', 'CO310<br>FA', 'CO309<br>AMK', '-<br>-', '-<br>-', 'CO393<br>AMA, FA, RA');

-- --------------------------------------------------------

--
-- Table structure for table `t014`
--

CREATE TABLE `t014` (
  `day` varchar(10) NOT NULL,
  `period1` varchar(30) DEFAULT NULL,
  `period2` varchar(30) DEFAULT NULL,
  `period3` varchar(30) DEFAULT NULL,
  `period4` varchar(30) DEFAULT NULL,
  `period5` varchar(30) DEFAULT NULL,
  `period6` varchar(30) DEFAULT NULL
) ENGINE=MyISAM DEFAULT CHARSET=latin1;

--
-- Dumping data for table `t014`
--

INSERT INTO `t014` (`day`, `period1`, `period2`, `period3`, `period4`, `period5`, `period6`) VALUES
('sunday', 'CO310<br>FA', 'EL340<br>MS', 'CO308<br>IZ', '-<br>-', '-<br>-', '-<br>-, -, -'),
('monday', 'ME340<br>FT', 'CO309<br>AMK', 'CO308<br>IZ', 'CO310<br>FA', '-<br>-', 'CO394<br>RA, MRW, AMA'),
('tuesday', 'EL340<br>MS', 'CO310<br>FA', 'ME340<br>FT', '-<br>-', '-<br>-', 'CO393<br>AMA, FA, RA'),
('wednesday', 'CO309<br>AMK', 'CO308<br>IZ', 'ME340<br>FT', '-<br>-', '-<br>-', '-<br>-, -, -'),
('thursday', 'EL340<br>MS', 'CO310<br>FA', 'CO309<br>AMK', '-<br>-', '-<br>-', 'CO393<br>AMA, FA, RA');

-- --------------------------------------------------------

--
-- Table structure for table `t015`
--

CREATE TABLE `t015` (
  `day` varchar(10) NOT NULL,
  `period1` varchar(30) DEFAULT NULL,
  `period2` varchar(30) DEFAULT NULL,
  `period3` varchar(30) DEFAULT NULL,
  `period4` varchar(30) DEFAULT NULL,
  `period5` varchar(30) DEFAULT NULL,
  `period6` varchar(30) DEFAULT NULL
) ENGINE=MyISAM DEFAULT CHARSET=latin1;

--
-- Dumping data for table `t015`
--

INSERT INTO `t015` (`day`, `period1`, `period2`, `period3`, `period4`, `period5`, `period6`) VALUES
('sunday', 'CO310<br>FA', 'EL340<br>MS', 'CO308<br>IZ', '-<br>-', '-<br>-', '-<br>-, -, -'),
('monday', 'ME340<br>FT', 'CO309<br>AMK', 'CO308<br>IZ', 'CO310<br>FA', '-<br>-', 'CO394<br>RA, MRW, AMA'),
('tuesday', 'EL340<br>MS', 'CO310<br>FA', 'ME340<br>FT', '-<br>-', '-<br>-', 'CO393<br>AMA, FA, RA'),
('wednesday', 'CO309<br>AMK', 'CO308<br>IZ', 'ME340<br>FT', '-<br>-', '-<br>-', '-<br>-, -, -'),
('thursday', 'EL340<br>MS', 'CO310<br>FA', 'CO309<br>AMK', '-<br>-', '-<br>-', 'CO393<br>AMA, FA, RA');

-- --------------------------------------------------------

--
-- Table structure for table `t016`
--

CREATE TABLE `t016` (
  `day` varchar(10) NOT NULL,
  `period1` varchar(30) DEFAULT NULL,
  `period2` varchar(30) DEFAULT NULL,
  `period3` varchar(30) DEFAULT NULL,
  `period4` varchar(30) DEFAULT NULL,
  `period5` varchar(30) DEFAULT NULL,
  `period6` varchar(30) DEFAULT NULL
) ENGINE=MyISAM DEFAULT CHARSET=latin1;

--
-- Dumping data for table `t016`
--

INSERT INTO `t016` (`day`, `period1`, `period2`, `period3`, `period4`, `period5`, `period6`) VALUES
('sunday', 'CO310<br>FA', 'EL340<br>MS', 'CO308<br>IZ', '-<br>-', '-<br>-', '-<br>-, -, -'),
('monday', 'ME340<br>FT', 'CO309<br>AMK', 'CO308<br>IZ', 'CO310<br>FA', '-<br>-', 'CO394<br>RA, MRW, AMA'),
('tuesday', 'EL340<br>MS', 'CO310<br>FA', 'ME340<br>FT', '-<br>-', '-<br>-', 'CO393<br>AMA, FA, RA'),
('wednesday', 'CO309<br>AMK', 'CO308<br>IZ', 'ME340<br>FT', '-<br>-', '-<br>-', '-<br>-, -, -'),
('thursday', 'EL340<br>MS', 'CO310<br>FA', 'CO309<br>AMK', '-<br>-', '-<br>-', 'CO393<br>AMA, FA, RA');



-- --------------------------------------------------------

--
-- Table structure for table `t017`
--

CREATE TABLE `t017` (
  `day` varchar(10) NOT NULL,
  `period1` varchar(30) DEFAULT NULL,
  `period2` varchar(30) DEFAULT NULL,
  `period3` varchar(30) DEFAULT NULL,
  `period4` varchar(30) DEFAULT NULL,
  `period5` varchar(30) DEFAULT NULL,
  `period6` varchar(30) DEFAULT NULL
) ENGINE=MyISAM DEFAULT CHARSET=latin1;

--
-- Dumping data for table `t017`
--

INSERT INTO `t017` (`day`, `period1`, `period2`, `period3`, `period4`, `period5`, `period6`) VALUES
('sunday', 'CO310<br>FA', 'EL340<br>MS', 'CO308<br>IZ', '-<br>-', '-<br>-', '-<br>-, -, -'),
('monday', 'ME340<br>FT', 'CO309<br>AMK', 'CO308<br>IZ', 'CO310<br>FA', '-<br>-', 'CO394<br>RA, MRW, AMA'),
('tuesday', 'EL340<br>MS', 'CO310<br>FA', 'ME340<br>FT', '-<br>-', '-<br>-', 'CO393<br>AMA, FA, RA'),
('wednesday', 'CO309<br>AMK', 'CO308<br>IZ', 'ME340<br>FT', '-<br>-', '-<br>-', '-<br>-, -, -'),
('thursday', 'EL340<br>MS', 'CO310<br>FA', 'CO309<br>AMK', '-<br>-', '-<br>-', 'CO393<br>AMA, FA, RA');



-- --------------------------------------------------------


--
-- Table structure for table `t018`
--

CREATE TABLE `t018` (
  `day` varchar(10) NOT NULL,
  `period1` varchar(30) DEFAULT NULL,
  `period2` varchar(30) DEFAULT NULL,
  `period3` varchar(30) DEFAULT NULL,
  `period4` varchar(30) DEFAULT NULL,
  `period5` varchar(30) DEFAULT NULL,
  `period6` varchar(30) DEFAULT NULL
) ENGINE=MyISAM DEFAULT CHARSET=latin1;

--
-- Dumping data for table `t018`
--

INSERT INTO `t018` (`day`, `period1`, `period2`, `period3`, `period4`, `period5`, `period6`) VALUES
('sunday', 'CO310<br>FA', 'EL340<br>MS', 'CO308<br>IZ', '-<br>-', '-<br>-', '-<br>-, -, -'),
('monday', 'ME340<br>FT', 'CO309<br>AMK', 'CO308<br>IZ', 'CO310<br>FA', '-<br>-', 'CO394<br>RA, MRW, AMA'),
('tuesday', 'EL340<br>MS', 'CO310<br>FA', 'ME340<br>FT', '-<br>-', '-<br>-', 'CO393<br>AMA, FA, RA'),
('wednesday', 'CO309<br>AMK', 'CO308<br>IZ', 'ME340<br>FT', '-<br>-', '-<br>-', '-<br>-, -, -'),
('thursday', 'EL340<br>MS', 'CO310<br>FA', 'CO309<br>AMK', '-<br>-', '-<br>-', 'CO393<br>AMA, FA, RA');



-- --------------------------------------------------------


--
-- Table structure for table `teachers`
--

CREATE TABLE `teachers` (
  `faculty_number` varchar(10) NOT NULL,
  `name` text NOT NULL,
  `alias` varchar(10) NOT NULL,
  `designation` varchar(30) NOT NULL,
  `contact_number` varchar(15) NOT NULL,
  `emailid` varchar(50) NOT NULL
) ENGINE=MyISAM DEFAULT CHARSET=latin1;

--
-- Dumping data for table `teachers`
--

INSERT INTO `teachers` (`faculty_number`, `name`, `alias`, `designation`, `contact_number`, `emailid`) VALUES
('T016', 'Prof. Shamshad Husain', 'SH', 'Professor', '12345678', 'shamshadhusain@gmail.com'),
('T015', 'Dr. Faisal Talib', 'FT', 'Associate Professor', '12345678', 'faisaltalib@gmail.com'),
('T014', 'Dr. Mohd. Sharique', 'MS', 'Assistant Professor', '12345678', 'mohdsharique@gmail.com'),
('T013', 'Mr. Faisal Alam', 'FA', 'Assistant Professor', '12345678', 'faisalalam@gmail.com'),
('T011', 'Mr. Asad Mohammed Khan', 'AMK', 'Assistant Professor', '12345678', 'asadmohammedkhan@gmail.com'),
('T012', 'Mr. Muneeb Hasan Khan', 'MHK', 'Assistant Professor', '12345678', 'muneebhasankhan@gmail.com'),
('T007', 'Mr. Misbahur Rahman Warsi', 'MRW', 'Associate Professor', '12345678', 'mrwarsi@gmail.com'),
('T008', 'Mr. Izharauddin', 'IZ', 'Associate Professor', '12345678', 'izharuddin@gmail.com'),
('T009', 'Mr. Tameem Ahmad', 'TA', 'Assistant Professor', '12345678', 'tameemahmad@gmail.com'),
('T010', 'Mr. Nadeem Akhtar', 'NA', 'Assistant Professor', '12345678', 'nadeemakhtar@gmail.com'),
('T006', 'Dr. Saiful Islam', 'SI', 'Associate Professor', '12345678', 'saifulislam@gmail.com'),
('T005', 'Dr. Rashid Ali', 'RA', 'Associate Professor', '12345678', 'rashidali@gmail.com'),
('T004', 'Prof. M.M. Sufyan Beg', 'SB', 'Professor', '12345678', 'mmsufyanbeg@gmail.com'),
('T002', 'Prof. Nesar Ahmad', 'NA', 'Professor', '12345678', 'nesarahmad@gmail.com'),
('T003', 'Prof. Ash Mohammad Abbas', 'AMA', 'Professor', '12345678', 'ashmabbas@gmail.com'),
('T001', 'Prof. Mohammad Sarosh Umar', 'MSU', 'Professor', '12345678', 'saroshumar@gmail.com'),
('T0017', 'Syed Nahin Hossain', 'SNH', 'Lecturer', '12345678', 'sayednahinhossain@gmail.com'),
('T0018', 'Dr. Mirza A.F.M Rashidul Hasan', 'MRH', 'Professor @ Adjunct Faculty', '12345678', 'mirzahasanice@gmail.com');


--
-- Indexes for dumped tables
--

--
-- Indexes for table `classrooms`
--
ALTER TABLE `classrooms`
  ADD PRIMARY KEY (`name`);

--
-- Indexes for table `semester3`
--
ALTER TABLE `semester3`
  ADD PRIMARY KEY (`day`);

--
-- Indexes for table `semester5`
--
ALTER TABLE `semester5`
  ADD PRIMARY KEY (`day`);

--
-- Indexes for table `semester7`
--
ALTER TABLE `semester7`
  ADD PRIMARY KEY (`day`);

--
-- Indexes for table `subjects`
--
ALTER TABLE `subjects`
  ADD PRIMARY KEY (`subject_code`);

--
-- Indexes for table `t001`
--
ALTER TABLE `t001`
  ADD PRIMARY KEY (`day`);

--
-- Indexes for table `t002`
--
ALTER TABLE `t002`
  ADD PRIMARY KEY (`day`);

--
-- Indexes for table `t003`
--
ALTER TABLE `t003`
  ADD PRIMARY KEY (`day`);

--
-- Indexes for table `t004`
--
ALTER TABLE `t004`
  ADD PRIMARY KEY (`day`);

--
-- Indexes for table `t005`
--
ALTER TABLE `t005`
  ADD PRIMARY KEY (`day`);

--
-- Indexes for table `t006`
--
ALTER TABLE `t006`
  ADD PRIMARY KEY (`day`);

--
-- Indexes for table `t007`
--
ALTER TABLE `t007`
  ADD PRIMARY KEY (`day`);

--
-- Indexes for table `t008`
--
ALTER TABLE `t008`
  ADD PRIMARY KEY (`day`);

--
-- Indexes for table `t009`
--
ALTER TABLE `t009`
  ADD PRIMARY KEY (`day`);

--
-- Indexes for table `t010`
--
ALTER TABLE `t010`
  ADD PRIMARY KEY (`day`);

--
-- Indexes for table `t011`
--
ALTER TABLE `t011`
  ADD PRIMARY KEY (`day`);

--
-- Indexes for table `t012`
--
ALTER TABLE `t012`
  ADD PRIMARY KEY (`day`);

--
-- Indexes for table `t013`
--
ALTER TABLE `t013`
  ADD PRIMARY KEY (`day`);

--
-- Indexes for table `t014`
--
ALTER TABLE `t014`
  ADD PRIMARY KEY (`day`);

--
-- Indexes for table `t015`
--
ALTER TABLE `t015`
  ADD PRIMARY KEY (`day`);

--
-- Indexes for table `t016`
--
ALTER TABLE `t016`
  ADD PRIMARY KEY (`day`);

--
-- Indexes for table `teachers`
--
ALTER TABLE `teachers`
  ADD PRIMARY KEY (`faculty_number`);
COMMIT;

/*!40101 SET CHARACTER_SET_CLIENT=@OLD_CHARACTER_SET_CLIENT */;
/*!40101 SET CHARACTER_SET_RESULTS=@OLD_CHARACTER_SET_RESULTS */;
/*!40101 SET COLLATION_CONNECTION=@OLD_COLLATION_CONNECTION */;
